CREATE EXTENSION IF NOT EXISTS "uuid-ossp";

-- Create Dealerships
INSERT INTO "Dealership" ("dealershipId", "name", "address", "parentDealershipId") VALUES
                                                                                       ('9af0e960-bd54-4b8c-bb41-afe36f7322b0', 'Dealership One', '123 Main St', NULL),
                                                                                       ('9af0e960-bd54-4b8c-bb41-afe36f7322b1', 'Dealership Two', '456 Elm St', NULL),
                                                                                       ('9af0e960-bd54-4b8c-bb41-afe36f7322b2', 'Dealership Three', '789 Maple St', '9af0e960-bd54-4b8c-bb41-afe36f7322b0');

-- Create Vehicles
INSERT INTO "Vehicle" ("vehicleId", "make", "model", "year", "dealershipId") VALUES
                                                                                 (uuid_generate_v4(), 'Toyota', 'Camry', 2020, '9af0e960-bd54-4b8c-bb41-afe36f7322b0'),
                                                                                 (uuid_generate_v4(), 'Honda', 'Civic', 2019, '9af0e960-bd54-4b8c-bb41-afe36f7322b0'),
                                                                                 (uuid_generate_v4(), 'Ford', 'F-150', 2021, '9af0e960-bd54-4b8c-bb41-afe36f7322b0'),
                                                                                 (uuid_generate_v4(), 'Chevrolet', 'Malibu', 2018, '9af0e960-bd54-4b8c-bb41-afe36f7322b0'),
                                                                                 (uuid_generate_v4(), 'Nissan', 'Altima', 2020, '9af0e960-bd54-4b8c-bb41-afe36f7322b0'),
                                                                                 (uuid_generate_v4(), 'Tesla', 'Model 3', 2022, '9af0e960-bd54-4b8c-bb41-afe36f7322b1'),
                                                                                 (uuid_generate_v4(), 'BMW', '3 Series', 2021, '9af0e960-bd54-4b8c-bb41-afe36f7322b1'),
                                                                                 (uuid_generate_v4(), 'Audi', 'A4', 2020, '9af0e960-bd54-4b8c-bb41-afe36f7322b1'),
                                                                                 (uuid_generate_v4(), 'Mercedes', 'C-Class', 2019, '9af0e960-bd54-4b8c-bb41-afe36f7322b1'),
                                                                                 (uuid_generate_v4(), 'Volkswagen', 'Passat', 2018, '9af0e960-bd54-4b8c-bb41-afe36f7322b1'),
                                                                                 (uuid_generate_v4(), 'Toyota', 'Corolla', 2020, '9af0e960-bd54-4b8c-bb41-afe36f7322b2'),
                                                                                 (uuid_generate_v4(), 'Honda', 'Accord', 2019, '9af0e960-bd54-4b8c-bb41-afe36f7322b2'),
                                                                                 (uuid_generate_v4(), 'Ford', 'Mustang', 2021, '9af0e960-bd54-4b8c-bb41-afe36f7322b2'),
                                                                                 (uuid_generate_v4(), 'Chevrolet', 'Camaro', 2018, '9af0e960-bd54-4b8c-bb41-afe36f7322b2'),
                                                                                 (uuid_generate_v4(), 'Nissan', 'Sentra', 2020, '9af0e960-bd54-4b8c-bb41-afe36f7322b2'),
                                                                                 (uuid_generate_v4(), 'Tesla', 'Model S', 2022, '9af0e960-bd54-4b8c-bb41-afe36f7322b0'),
                                                                                 (uuid_generate_v4(), 'BMW', 'X5', 2021, '9af0e960-bd54-4b8c-bb41-afe36f7322b0'),
                                                                                 (uuid_generate_v4(), 'Audi', 'Q7', 2020, '9af0e960-bd54-4b8c-bb41-afe36f7322b1'),
                                                                                 (uuid_generate_v4(), 'Mercedes', 'GLE', 2019, '9af0e960-bd54-4b8c-bb41-afe36f7322b1'),
                                                                                 (uuid_generate_v4(), 'Volkswagen', 'Tiguan', 2018, '9af0e960-bd54-4b8c-bb41-afe36f7322b1');

-- Create Customers
INSERT INTO "Customer" ("customerId", "firstName", "lastName", "email", "phone", "dealershipId") VALUES
                                                                                                     (uuid_generate_v4(), 'John', 'Doe', 'john.doe@example.com', '123-456-7890', '9af0e960-bd54-4b8c-bb41-afe36f7322b0'),
                                                                                                     (uuid_generate_v4(), 'Jane', 'Smith', 'jane.smith@example.com', '123-456-7891', '9af0e960-bd54-4b8c-bb41-afe36f7322b0'),
                                                                                                     (uuid_generate_v4(), 'Robert', 'Brown', 'robert.brown@example.com', '123-456-7892', '9af0e960-bd54-4b8c-bb41-afe36f7322b0'),
                                                                                                     (uuid_generate_v4(), 'Emily', 'Davis', 'emily.davis@example.com', '123-456-7893', '9af0e960-bd54-4b8c-bb41-afe36f7322b1'),
                                                                                                     (uuid_generate_v4(), 'Michael', 'Wilson', 'michael.wilson@example.com', '123-456-7894', '9af0e960-bd54-4b8c-bb41-afe36f7322b1'),
                                                                                                     (uuid_generate_v4(), 'Jessica', 'Taylor', 'jessica.taylor@example.com', '123-456-7895', '9af0e960-bd54-4b8c-bb41-afe36f7322b1'),
                                                                                                     (uuid_generate_v4(), 'Daniel', 'Martinez', 'daniel.martinez@example.com', '123-456-7896', '9af0e960-bd54-4b8c-bb41-afe36f7322b1'),
                                                                                                     (uuid_generate_v4(), 'Laura', 'Anderson', 'laura.anderson@example.com', '123-456-7897', '9af0e960-bd54-4b8c-bb41-afe36f7322b2'),
                                                                                                     (uuid_generate_v4(), 'Kevin', 'Thomas', 'kevin.thomas@example.com', '123-456-7898', '9af0e960-bd54-4b8c-bb41-afe36f7322b2'),
                                                                                                     (uuid_generate_v4(), 'Sarah', 'Jackson', 'sarah.jackson@example.com', '123-456-7899', '9af0e960-bd54-4b8c-bb41-afe36f7322b2');

-- Create Sales
INSERT INTO "Sale" ("saleId", "date", "purchaseNetAmount", "vehicleId", "customerId", "dealershipId") VALUES
                                                                                                          (uuid_generate_v4(), '2023-01-01T00:00:00.000Z', 20000.00, (SELECT "vehicleId" FROM "Vehicle" WHERE "make" = 'Toyota' AND "model" = 'Camry'), (SELECT "customerId" FROM "Customer" WHERE "firstName" = 'John' AND "lastName" = 'Doe'), '9af0e960-bd54-4b8c-bb41-afe36f7322b0'),
                                                                                                          (uuid_generate_v4(), '2023-01-02T00:00:00.000Z', 18000.00, (SELECT "vehicleId" FROM "Vehicle" WHERE "make" = 'Honda' AND "model" = 'Civic'), (SELECT "customerId" FROM "Customer" WHERE "firstName" = 'Jane' AND "lastName" = 'Smith'), '9af0e960-bd54-4b8c-bb41-afe36f7322b0'),
                                                                                                          (uuid_generate_v4(), '2023-01-03T00:00:00.000Z', 25000.00, (SELECT "vehicleId" FROM "Vehicle" WHERE "make" = 'Ford' AND "model" = 'F-150'), (SELECT "customerId" FROM "Customer" WHERE "firstName" = 'Robert' AND "lastName" = 'Brown'), '9af0e960-bd54-4b8c-bb41-afe36f7322b0'),
                                                                                                          (uuid_generate_v4(), '2023-01-04T00:00:00.000Z', 15000.00, (SELECT "vehicleId" FROM "Vehicle" WHERE "make" = 'Chevrolet' AND "model" = 'Malibu'), (SELECT "customerId" FROM "Customer" WHERE "firstName" = 'Emily' AND "lastName" = 'Davis'), '9af0e960-bd54-4b8c-bb41-afe36f7322b1'),
                                                                                                          (uuid_generate_v4(), '2023-01-05T00:00:00.000Z', 22000.00, (SELECT "vehicleId" FROM "Vehicle" WHERE "make" = 'Nissan' AND "model" = 'Altima'), (SELECT "customerId" FROM "Customer" WHERE "firstName" = 'Michael' AND "lastName" = 'Wilson'), '9af0e960-bd54-4b8c-bb41-afe36f7322b1'),
                                                                                                          (uuid_generate_v4(), '2023-01-06T00:00:00.000Z', 45000.00, (SELECT "vehicleId" FROM "Vehicle" WHERE "make" = 'Tesla' AND "model" = 'Model 3'), (SELECT "customerId" FROM "Customer" WHERE "firstName" = 'Jessica' AND "lastName" = 'Taylor'), '9af0e960-bd54-4b8c-bb41-afe36f7322b1'),
                                                                                                          (uuid_generate_v4(), '2023-01-07T00:00:00.000Z', 35000.00, (SELECT "vehicleId" FROM "Vehicle" WHERE "make" = 'BMW' AND "model" = '3 Series'), (SELECT "customerId" FROM "Customer" WHERE "firstName" = 'Daniel' AND "lastName" = 'Martinez'), '9af0e960-bd54-4b8c-bb41-afe36f7322b1'),
                                                                                                          (uuid_generate_v4(), '2023-01-08T00:00:00.000Z', 32000.00, (SELECT "vehicleId" FROM "Vehicle" WHERE "make" = 'Audi' AND "model" = 'A4'), (SELECT "customerId" FROM "Customer" WHERE "firstName" = 'Laura' AND "lastName" = 'Anderson'), '9af0e960-bd54-4b8c-bb41-afe36f7322b2'),
                                                                                                          (uuid_generate_v4(), '2023-01-09T00:00:00.000Z', 40000.00, (SELECT "vehicleId" FROM "Vehicle" WHERE "make" = 'Mercedes' AND "model" = 'C-Class'), (SELECT "customerId" FROM "Customer" WHERE "firstName" = 'Kevin' AND "lastName" = 'Thomas'), '9af0e960-bd54-4b8c-bb41-afe36f7322b2'),
                                                                                                          (uuid_generate_v4(), '2023-01-10T00:00:00.000Z', 29000.00, (SELECT "vehicleId" FROM "Vehicle" WHERE "make" = 'Volkswagen' AND "model" = 'Passat'), (SELECT "customerId" FROM "Customer" WHERE "firstName" = 'Sarah' AND "lastName" = 'Jackson'), '9af0e960-bd54-4b8c-bb41-afe36f7322b2'),
                                                                                                          (uuid_generate_v4(), '2023-01-11T00:00:00.000Z', 18000.00, (SELECT "vehicleId" FROM "Vehicle" WHERE "make" = 'Toyota' AND "model" = 'Corolla'), (SELECT "customerId" FROM "Customer" WHERE "firstName" = 'John' AND "lastName" = 'Doe'), '9af0e960-bd54-4b8c-bb41-afe36f7322b0'),
                                                                                                          (uuid_generate_v4(), '2023-01-12T00:00:00.000Z', 20000.00, (SELECT "vehicleId" FROM "Vehicle" WHERE "make" = 'Honda' AND "model" = 'Accord'), (SELECT "customerId" FROM "Customer" WHERE "firstName" = 'Jane' AND "lastName" = 'Smith'), '9af0e960-bd54-4b8c-bb41-afe36f7322b0'),
                                                                                                          (uuid_generate_v4(), '2023-01-13T00:00:00.000Z', 25000.00, (SELECT "vehicleId" FROM "Vehicle" WHERE "make" = 'Ford' AND "model" = 'Mustang'), (SELECT "customerId" FROM "Customer" WHERE "firstName" = 'Robert' AND "lastName" = 'Brown'), '9af0e960-bd54-4b8c-bb41-afe36f7322b0'),
                                                                                                          (uuid_generate_v4(), '2023-01-14T00:00:00.000Z', 30000.00, (SELECT "vehicleId" FROM "Vehicle" WHERE "make" = 'Chevrolet' AND "model" = 'Camaro'), (SELECT "customerId" FROM "Customer" WHERE "firstName" = 'Emily' AND "lastName" = 'Davis'), '9af0e960-bd54-4b8c-bb41-afe36f7322b1'),
                                                                                                          (uuid_generate_v4(), '2023-01-15T00:00:00.000Z', 21000.00, (SELECT "vehicleId" FROM "Vehicle" WHERE "make" = 'Nissan' AND "model" = 'Sentra'), (SELECT "customerId" FROM "Customer" WHERE "firstName" = 'Michael' AND "lastName" = 'Wilson'), '9af0e960-bd54-4b8c-bb41-afe36f7322b1');
